{
  "rLE": 0.050971281119220654,
  "x_up": 0.4089906338170563,
  "y_up": 0.07160123822735083,
  "ypp_up": -0.5119795881708288,
  "x_lo": 0.12422741701807795,
  "y_lo": -0.01713735766963001,
  "ypp_lo": 1.3589130759113404,
  "te_thickness": 0.00613,
  "te_camber": 5.000000000000013e-06,
  "te_angle": -0.1374717486150865,
  "te_wedge": -0.1433868791331023
}