{
  "rLE": 0.0145228645896311,
  "x_up": 0.284311780663702,
  "y_up": 0.04665527276929975,
  "ypp_up": -0.40253419134020496,
  "x_lo": 0.12661256077074054,
  "y_lo": -0.0149051892030678,
  "ypp_lo": 0.7378857555502751,
  "te_thickness": 0.000948,
  "te_camber": 0.0,
  "te_angle": -0.06133004601566058,
  "te_wedge": -0.06724933516988052
}