{
  "ag13": {
    "rLE": 0.0145228645896311,
    "x_up": 0.284311780663702,
    "y_up": 0.04665527276929975,
    "ypp_up": -0.40253419134020496,
    "x_lo": 0.12661256077074054,
    "y_lo": -0.0149051892030678,
    "ypp_lo": 0.7378857555502751,
    "te_thickness": 0.000948,
    "te_camber": 0.0,
    "te_angle": -0.06133004601566058,
    "te_wedge": -0.06724933516988052
  },
  "a18sm": {
    "rLE": 0.050971281119220654,
    "x_up": 0.4089906338170563,
    "y_up": 0.07160123822735083,
    "ypp_up": -0.5119795881708288,
    "x_lo": 0.12422741701807795,
    "y_lo": -0.01713735766963001,
    "ypp_lo": 1.3589130759113404,
    "te_thickness": 0.00613,
    "te_camber": 5.000000000000013e-06,
    "te_angle": -0.1374717486150865,
    "te_wedge": -0.1433868791331023
  },
  "ag26": {
    "rLE": 0.014421533000379023,
    "x_up": 0.32013452824744076,
    "y_up": 0.05727028204808984,
    "ypp_up": -0.4238912500054502,
    "x_lo": 0.12859130487224085,
    "y_lo": -0.01567741637143572,
    "ypp_lo": 0.7978458034075893,
    "te_thickness": 0.0009989999999999999,
    "te_camber": -0.00021649999999999998,
    "te_angle": -0.08264880047082539,
    "te_wedge": -0.08506601618664919
  },
  "ag25": {
    "rLE": 0.014364309429491934,
    "x_up": 0.3214407574933827,
    "y_up": 0.059735375780166,
    "ypp_up": -0.45474822576412377,
    "x_lo": 0.15791382843477605,
    "y_lo": -0.019254284981560014,
    "ypp_lo": 0.5511127038354647,
    "te_thickness": 0.0009630000000000001,
    "te_camber": -0.00019850000000000003,
    "te_angle": -0.08539323331129887,
    "te_wedge": -0.09453161107104238
  },
  "ag27": {
    "rLE": 0.014379570684747225,
    "x_up": 0.3163576416497788,
    "y_up": 0.05471241949352212,
    "ypp_up": -0.406413681480869,
    "x_lo": 0.10247600195104616,
    "y_lo": -0.01286664108424761,
    "ypp_lo": 1.2000009082189766,
    "te_thickness": 0.001035,
    "te_camber": -0.00023449999999999998,
    "te_angle": -0.079752764018886,
    "te_wedge": -0.07775168243211547
  }
}