{
  "rLE": {
    "min": 0.008175508687550532,
    "max": 0.3562223182061307,
    "median": 0.014023389453206811,
    "mean": 0.03870491424000397,
    "std": 0.04786598633909629
  },
  "x_up": {
    "min": 0.20797895348205842,
    "max": 17.749988824037253,
    "median": 0.41308968187841116,
    "mean": 3.0985582793136404,
    "std": 4.304031964668966
  },
  "y_up": {
    "min": -8.624983708293351,
    "max": 0.2736363175512444,
    "median": 0.05521803520384863,
    "mean": -1.3529013046737182,
    "std": 2.2139992344334916
  },
  "ypp_up": {
    "min": -2.703243047255444,
    "max": 0.28559533721898417,
    "median": -0.42845225043282753,
    "mean": -0.39247554137727536,
    "std": 0.4951835902328913
  },
  "x_lo": {
    "min": -1.268706291839772,
    "max": 2.5517016943149735,
    "median": 0.3101834694197486,
    "mean": 0.2911603658662035,
    "std": 0.24152680848587157
  },
  "y_lo": {
    "min": -0.20597969356725893,
    "max": 0.06882334972117486,
    "median": -0.028392480531106164,
    "mean": -0.03213795841482067,
    "std": 0.030882643153568572
  },
  "ypp_lo": {
    "min": -0.5638570091710507,
    "max": 4.413952377099118,
    "median": 0.36530739941695994,
    "mean": 0.5369616857291313,
    "std": 0.6268783388660178
  },
  "te_thickness": {
    "min": -4e-18,
    "max": 69.0025497,
    "median": 0.002635,
    "mean": 11.27860246980955,
    "std": 17.418640129944553
  },
  "te_camber": {
    "min": -0.007060000000000004,
    "max": 34.49872515,
    "median": 5.004829564267499e-05,
    "mean": 5.6378030407792945,
    "std": 8.709695627988989
  },
  "te_angle": {
    "min": -0.3465375154552137,
    "max": 0.5427741904429664,
    "median": -0.041096090582374234,
    "mean": 0.09357374253815838,
    "std": 0.23934740526978976
  },
  "te_wedge": {
    "min": -1.7863150937891308,
    "max": 1.047835339276404,
    "median": -0.10148926938321942,
    "mean": 0.1328483121995647,
    "std": 0.4678988964219492
  }
}