{
  "rLE": 0.050971281119220654,
  "Xup": 0.38854110212620346,
  "Yup": 0.07160123822735083,
  "YXXup": -0.5119795881708288,
  "Xlo": 0.12422741701807795,
  "Ylo": -0.01713735766963001,
  "YXXlo": 1.3589130759113404,
  "Yte": 0.00613,
  "Yte'": -0.1374717486150865,
  "\u0394yte''": -0.1433868791331023,
  "Xte": 1.0
}