{
  "rLE": 0.0145228645896311,
  "Xup": 0.284311780663702,
  "Yup": 0.04665527276929975,
  "YXXup": -0.40253419134020496,
  "Xlo": 0.12661256077074054,
  "Ylo": -0.0149051892030678,
  "YXXlo": 0.7378857555502751,
  "Yte": 0.000948,
  "Yte'": -0.06133004601566058,
  "\u0394yte''": -0.07397426868686857,
  "Xte": 1.0
}