{
  "rLE": 0.01508252490096653,
  "Xup": 0.3214407574933827,
  "Yup": 0.059735375780166,
  "YXXup": -0.45474822576412377,
  "Xlo": 0.15791382843477605,
  "Ylo": -0.019254284981560014,
  "YXXlo": 0.5511127038354647,
  "Yte": 0.0009630000000000001,
  "Yte'": -0.08539323331129887,
  "\u0394yte''": -0.09453161107104238,
  "Xte": 1.0
}