{
  "rLE": 0.014421533000379023,
  "Xup": 0.32013452824744076,
  "Yup": 0.05727028204808984,
  "YXXup": -0.4238912500054502,
  "Xlo": 0.12859130487224085,
  "Ylo": -0.01567741637143572,
  "YXXlo": 0.7978458034075893,
  "Yte": 0.0008990999999999999,
  "Yte'": -0.08264880047082539,
  "\u0394yte''": -0.08506601618664919,
  "Xte": 1.0
}