{
  "rLE": 0.014379570684747225,
  "Xup": 0.3163576416497788,
  "Yup": 0.051976798518846005,
  "YXXup": -0.406413681480869,
  "Xlo": 0.10247600195104616,
  "Ylo": -0.01286664108424761,
  "YXXlo": 1.2000009082189766,
  "Yte": 0.001035,
  "Yte'": -0.079752764018886,
  "\u0394yte''": -0.07775168243211547,
  "Xte": 1.0
}