{
  "a_up": [
    0.3192844534869202,
    -1.4600692558733672,
    4.569636635841544,
    -6.826708893189908,
    4.631322359657334,
    -1.2303952999225232
  ],
  "a_lo": [
    -0.3192844534869202,
    2.9519730378716815,
    -13.047814568894587,
    27.463719226679295,
    -25.882077944561008,
    8.830424702391538
  ]
}