{
  "a_up": [
    0.170428076264629,
    -0.3356903755033036,
    1.0189683690626326,
    -2.03827125060024,
    1.7035847742496997,
    -0.5185455934734174
  ],
  "a_lo": [
    -0.170428076264629,
    1.1976841535659517,
    -4.954360129951627,
    10.371969340346718,
    -9.766873585019514,
    3.3215342973231
  ]
}