{
  "a_up": [
    0.16949518830628751,
    -0.14280694187395404,
    0.37959509536096925,
    -0.8809170380669594,
    0.6153841213751867,
    -0.14046742510153007
  ],
  "a_lo": [
    -0.16949518830628751,
    0.9534511399878922,
    -3.505263984123364,
    6.76632316417673,
    -5.910971166773054,
    1.865276035038083
  ]
}