{
  "a_up": [
    0.16983246450769665,
    -0.1346051159564972,
    0.21238507431395015,
    -0.4450437819200784,
    0.19556812213510988,
    0.0021462369198188723
  ],
  "a_lo": [
    -0.16983246450769665,
    1.1842967055329883,
    -4.965792307302404,
    10.489371156065037,
    -9.893411239063134,
    3.3546521492752106
  ]
}