{
  "a_up": [
    0.16958520386370518,
    -0.1681770921165599,
    0.30450489266749825,
    -0.577831182342165,
    0.30700450059944423,
    -0.03480332267192275
  ],
  "a_lo": [
    -0.16958520386370518,
    1.409492735992452,
    -6.610713477530251,
    15.143387531245299,
    -15.167392143702138,
    5.394058557858343
  ]
}