{
  "rLE": 0.01,
  "x_up": 4.499314128943759,
  "y_up": -2.2489714024589342,
  "ypp_up": 0.22218835720816832,
  "x_lo": 0.5348856824918972,
  "y_lo": 0.060926393511633814,
  "ypp_lo": -0.5225800638356789,
  "te_thickness": 18.0016,
  "te_camber": 8.9992,
  "te_angle": 0.3575628220960005,
  "te_wedge": 0.855670682602896
}