{
  "rLE": 0.17647229219076532,
  "x_up": 0.3991704179773329,
  "y_up": 0.08419709128372356,
  "ypp_up": -0.5079647245058584,
  "x_lo": 0.1552986125897734,
  "y_lo": 0.001978473137574285,
  "ypp_lo": 0.5891221708025218,
  "te_thickness": 0.00614,
  "te_camber": 0.00307,
  "te_angle": -0.09169946834755457,
  "te_wedge": -0.10645261037541959
}