{
  "rLE": 0.01,
  "x_up": 12.499967999999996,
  "y_up": -6.2499520001638444,
  "ypp_up": 0.07999979520052429,
  "x_lo": 0.3290832412804407,
  "y_lo": -0.03345507385275706,
  "ypp_lo": 0.2408857036257581,
  "te_thickness": 50.0,
  "te_camber": 25.0,
  "te_angle": 0.42186293334255887,
  "te_wedge": 0.7270704601097788
}