{
  "rLE": 0.010974105787959165,
  "x_up": 0.2882571326812045,
  "y_up": 0.051187362401195875,
  "ypp_up": -0.4217625104976366,
  "x_lo": 0.12691168925617352,
  "y_lo": -0.013247849141453247,
  "ypp_lo": 0.5284351050505728,
  "te_thickness": 0.0012100000000000001,
  "te_camber": 5.700000000000003e-05,
  "te_angle": -0.04269731682239487,
  "te_wedge": -0.11447465515770668
}