{
  "rLE": 0.010427752092871381,
  "x_up": 0.2841880755246973,
  "y_up": 0.04818677831575537,
  "ypp_up": -0.40550643489191657,
  "x_lo": 0.1416508463788174,
  "y_lo": -0.018411258896364777,
  "ypp_lo": 0.6664488154498286,
  "te_thickness": 0.00134,
  "te_camber": 0.0,
  "te_angle": -0.04127418254138589,
  "te_wedge": -0.09867854926117783
}