{
  "rLE": 0.008368660509539577,
  "x_up": 0.28002740441513485,
  "y_up": 0.04541199407738859,
  "ypp_up": -0.3743803152800663,
  "x_lo": 0.1183141517931576,
  "y_lo": -0.01612873601114992,
  "ypp_lo": 0.7498787051385115,
  "te_thickness": 0.001599,
  "te_camber": 6.499999999999995e-06,
  "te_angle": -0.045872154674566915,
  "te_wedge": -0.09850141676841428
}