{
  "rLE": 0.008727075476206474,
  "x_up": 0.2637146607683899,
  "y_up": 0.041669773948017005,
  "ypp_up": -0.38054197314672905,
  "x_lo": 0.07900431320265243,
  "y_lo": -0.012530818664053681,
  "ypp_lo": 1.4843882015557772,
  "te_thickness": 0.0019529999999999999,
  "te_camber": -1.4999999999999823e-06,
  "te_angle": -0.03899938290928093,
  "te_wedge": -0.07841907924870078
}