{
  "rLE": 0.008825693276858355,
  "x_up": 0.24061169674897676,
  "y_up": 0.03920411747371223,
  "ypp_up": -0.42497819188052277,
  "x_lo": 0.07605773422949984,
  "y_lo": -0.012956631474152871,
  "ypp_lo": 1.7997197941826988,
  "te_thickness": 0.003617,
  "te_camber": 0.0003675,
  "te_angle": -0.03580839106878807,
  "te_wedge": -0.07176915034788311
}