{
  "rLE": 0.011162849743577554,
  "x_up": 0.2783070496138679,
  "y_up": 0.051896303826940125,
  "ypp_up": -0.42179751123163794,
  "x_lo": 0.08946155823891098,
  "y_lo": -0.008245421099238245,
  "ypp_lo": 0.7764023193323747,
  "te_thickness": 0.002321,
  "te_camber": 6.249999999999995e-05,
  "te_angle": -0.04571373541586207,
  "te_wedge": -0.10544842544184244
}