{
  "rLE": 0.013862406068795904,
  "x_up": 0.2823067206031351,
  "y_up": 0.04742607337661452,
  "ypp_up": -0.4343293651544442,
  "x_lo": 0.14285228647221537,
  "y_lo": -0.01743590024790933,
  "ypp_lo": 0.6081841536956263,
  "te_thickness": 0.000942,
  "te_camber": 0.0,
  "te_angle": -0.05858044364272285,
  "te_wedge": -0.06991854118067604
}