{
  "rLE": 0.014852014047075339,
  "x_up": 0.27861370776981187,
  "y_up": 0.045706166034018704,
  "ypp_up": -0.41275901545712845,
  "x_lo": 0.10590927150835645,
  "y_lo": -0.012270478751587618,
  "ypp_lo": 0.9914596617288459,
  "te_thickness": 0.000956,
  "te_camber": 0.0,
  "te_angle": -0.06383452820022953,
  "te_wedge": -0.06340384735147118
}