{
  "rLE": 0.014508297412490247,
  "x_up": 0.29853523360692547,
  "y_up": 0.05154679648912539,
  "ypp_up": -0.4487230213485241,
  "x_lo": 0.16230546500876977,
  "y_lo": -0.02213700110134918,
  "ypp_lo": 0.6840414977406443,
  "te_thickness": 0.000929,
  "te_camber": -0.0002055,
  "te_angle": -0.06350810168528015,
  "te_wedge": -0.08076525284688095
}