{
  "rLE": 0.014176990655962372,
  "x_up": 0.2969875536648554,
  "y_up": 0.049929337815073804,
  "ypp_up": -0.41125744771567907,
  "x_lo": 0.14412738413798748,
  "y_lo": -0.01787416767156359,
  "ypp_lo": 0.6321302906751776,
  "te_thickness": 0.000939,
  "te_camber": -0.00021549999999999998,
  "te_angle": -0.0650635883628217,
  "te_wedge": -0.07470252290764305
}