{
  "rLE": 0.013869788250451251,
  "x_up": 0.2951146137079342,
  "y_up": 0.048313244085793225,
  "ypp_up": -0.3737679087122714,
  "x_lo": 0.11926527266845909,
  "y_lo": -0.014230910315870047,
  "ypp_lo": 0.9297100351440822,
  "te_thickness": 0.0009480000000000001,
  "te_camber": -0.000226,
  "te_angle": -0.06662374919378407,
  "te_wedge": -0.06864407370469056
}