{
  "rLE": 0.013670558863325537,
  "x_up": 0.29353148755812997,
  "y_up": 0.04718284474224362,
  "ypp_up": -0.3474203797823847,
  "x_lo": 0.1011340110203738,
  "y_lo": -0.011737791509933263,
  "ypp_lo": 1.02722538030083,
  "te_thickness": 0.000954,
  "te_camber": -0.00023300000000000003,
  "te_angle": -0.06772227820516251,
  "te_wedge": -0.06439558888252303
}