{
  "rLE": 0.01448135800626182,
  "x_up": 0.32936546589089843,
  "y_up": 0.06479425516546855,
  "ypp_up": -0.4847277770787691,
  "x_lo": 0.20267388739362868,
  "y_lo": -0.026035599325143714,
  "ypp_lo": 0.46747550491477385,
  "te_thickness": 0.000988448,
  "te_camber": -0.000154486,
  "te_angle": -0.08480526999694656,
  "te_wedge": -0.11614586769471995
}