{
  "rLE": 0.014478995110410212,
  "x_up": 0.3247179029119897,
  "y_up": 0.06236556818670188,
  "ypp_up": -0.4914803669714664,
  "x_lo": 0.18658629464193618,
  "y_lo": -0.024067129889825744,
  "ypp_lo": 0.5078609101153096,
  "te_thickness": 0.000971,
  "te_camber": -0.0001735,
  "te_angle": -0.08363634738564583,
  "te_wedge": -0.10700457740539467
}