{
  "rLE": 0.014364309429491934,
  "x_up": 0.3214407574933827,
  "y_up": 0.059735375780166,
  "ypp_up": -0.45474822576412377,
  "x_lo": 0.15791382843477605,
  "y_lo": -0.019254284981560014,
  "ypp_lo": 0.5511127038354647,
  "te_thickness": 0.0009630000000000001,
  "te_camber": -0.00019850000000000003,
  "te_angle": -0.08539323331129887,
  "te_wedge": -0.09453161107104238
}