{
  "rLE": 0.014421533000379023,
  "x_up": 0.32013452824744076,
  "y_up": 0.05727028204808984,
  "ypp_up": -0.4238912500054502,
  "x_lo": 0.12859130487224085,
  "y_lo": -0.01567741637143572,
  "ypp_lo": 0.7978458034075893,
  "te_thickness": 0.0009989999999999999,
  "te_camber": -0.00021649999999999998,
  "te_angle": -0.08264880047082539,
  "te_wedge": -0.08506601618664919
}