{
  "rLE": 0.014379570684747225,
  "x_up": 0.3163576416497788,
  "y_up": 0.05471241949352212,
  "ypp_up": -0.406413681480869,
  "x_lo": 0.10247600195104616,
  "y_lo": -0.01286664108424761,
  "ypp_lo": 1.2000009082189766,
  "te_thickness": 0.001035,
  "te_camber": -0.00023449999999999998,
  "te_angle": -0.079752764018886,
  "te_wedge": -0.07775168243211547
}