{
  "rLE": 0.05747938728231358,
  "x_up": 0.2773503167762061,
  "y_up": 0.08727588556471232,
  "ypp_up": -0.653873763940123,
  "x_lo": 0.34726229616395987,
  "y_lo": -4.288842628635564e-05,
  "ypp_lo": 0.0527757320901381,
  "te_thickness": 0.00249,
  "te_camber": 0.001245,
  "te_angle": -0.08104111767716342,
  "te_wedge": -0.1621046623345078
}