{
  "rLE": 0.0529558764004957,
  "x_up": 0.2754758675770709,
  "y_up": 0.08180992296226922,
  "ypp_up": -0.6351892651657985,
  "x_lo": 0.3799482967251446,
  "y_lo": -9.206626607872976e-06,
  "ypp_lo": 0.007321510383506026,
  "te_thickness": 0.00267,
  "te_camber": 0.0013360000000000002,
  "te_angle": -0.07990876167781986,
  "te_wedge": -0.1598449729944035
}