{
  "rLE": 0.047200011531225924,
  "x_up": 0.26772049313873336,
  "y_up": 0.07750206272659138,
  "ypp_up": -0.6102498111743012,
  "x_lo": 0.360646941072929,
  "y_lo": -3.8347603472602236e-05,
  "ypp_lo": 0.03142775799183163,
  "te_thickness": 0.003508,
  "te_camber": 0.001754,
  "te_angle": -0.08032002355391818,
  "te_wedge": -0.1606914853941495
}