{
  "rLE": 0.04084122758312954,
  "x_up": 0.27854081949254994,
  "y_up": 0.07047599428920996,
  "ypp_up": -0.4951102843408294,
  "x_lo": 0.36296037007965154,
  "y_lo": -2.2340769503779174e-05,
  "ypp_lo": 0.029187143957687234,
  "te_thickness": 0.004703,
  "te_camber": 0.0023525,
  "te_angle": -0.07713324978226192,
  "te_wedge": -0.15425645361571474
}