{
  "rLE": 0.012746985890832365,
  "x_up": 0.28231717374541004,
  "y_up": 0.05541858889851006,
  "ypp_up": -0.5070088958918462,
  "x_lo": 0.1719463116124612,
  "y_lo": -0.018698495406659955,
  "ypp_lo": 0.36278907521845305,
  "te_thickness": 0.000534,
  "te_camber": 0.0,
  "te_angle": -0.04597162755437056,
  "te_wedge": -0.11719666039706896
}