{
  "rLE": 0.013333557459497606,
  "x_up": 0.29787958839259526,
  "y_up": 0.058961662336339156,
  "ypp_up": -0.5338458558636051,
  "x_lo": 0.12184960931643761,
  "y_lo": -0.014713009433174244,
  "ypp_lo": 0.7945041234581302,
  "te_thickness": 0.000892999999999998,
  "te_camber": 0.0154755,
  "te_angle": -0.0264100291618084,
  "te_wedge": -0.0810092769677071
}