{
  "rLE": 0.013036785024828907,
  "x_up": 0.27470299360109657,
  "y_up": 0.05261495234458603,
  "ypp_up": -0.5396145595652164,
  "x_lo": 0.1645708844514169,
  "y_lo": -0.017630047477501305,
  "ypp_lo": 0.41009767414544046,
  "te_thickness": 0.000622,
  "te_camber": 0.0,
  "te_angle": -0.04057353675448321,
  "te_wedge": -0.09929512506690623
}