{
  "rLE": 0.01307168704283042,
  "x_up": 0.26959177255280575,
  "y_up": 0.050222684185104456,
  "ypp_up": -0.5051887508421703,
  "x_lo": 0.15030124443312243,
  "y_lo": -0.016092873183548673,
  "ypp_lo": 0.46183569247268225,
  "te_thickness": 0.000844,
  "te_camber": 0.0,
  "te_angle": -0.04333890527590627,
  "te_wedge": -0.08780221553290746
}