{
  "rLE": 0.012283852412036042,
  "x_up": 0.2723687117971283,
  "y_up": 0.04681905719538675,
  "ypp_up": -0.47259599384652234,
  "x_lo": 0.14900269668684832,
  "y_lo": -0.015640209283363116,
  "ypp_lo": 0.4488248210784498,
  "te_thickness": 0.0007930000000000001,
  "te_camber": -5.050000000000001e-05,
  "te_angle": -0.04091799862336258,
  "te_wedge": -0.08649444625031555
}