{
  "rLE": 0.01230965059683128,
  "x_up": 0.3085748122433795,
  "y_up": 0.05136921276152509,
  "ypp_up": -0.3894922235520261,
  "x_lo": 0.11484126832491275,
  "y_lo": -0.013347875131570703,
  "ypp_lo": 0.8848713530044582,
  "te_thickness": 0.0007930000000000003,
  "te_camber": 0.0154515,
  "te_angle": -0.020307231925041715,
  "te_wedge": -0.07584399197688843
}