{
  "rLE": 0.012153032741220059,
  "x_up": 0.26556778104902357,
  "y_up": 0.03753095054058195,
  "ypp_up": -0.3264584897213851,
  "x_lo": 0.1412859411932364,
  "y_lo": -0.013698272591782764,
  "ypp_lo": 0.4220604845004357,
  "te_thickness": 0.000693,
  "te_camber": -4.850000000000001e-05,
  "te_angle": -0.03066347805439519,
  "te_wedge": -0.07136502447233997
}