{
  "rLE": 0.012178609020239175,
  "x_up": 0.31549416263459085,
  "y_up": 0.04291297725445978,
  "ypp_up": -0.3100316546717576,
  "x_lo": 0.10818757210335954,
  "y_lo": -0.012061345643506586,
  "ypp_lo": 0.9507183906224597,
  "te_thickness": 0.0006919999999999982,
  "te_camber": 0.015427,
  "te_angle": -0.011518114023886234,
  "te_wedge": -0.06358252272250045
}