{
  "rLE": 0.009094478315772803,
  "x_up": 0.327081658715385,
  "y_up": 0.05872212092682711,
  "ypp_up": -0.4437756135587064,
  "x_lo": 0.21907585676237476,
  "y_lo": -0.025886465699451276,
  "ypp_lo": 0.3279799791781748,
  "te_thickness": 0.000396,
  "te_camber": 0.0,
  "te_angle": -0.05647824466784057,
  "te_wedge": -0.1693455878552626
}