{
  "rLE": 0.008963681828090632,
  "x_up": 0.3206895110255212,
  "y_up": 0.057695100764348334,
  "ypp_up": -0.45812913443853154,
  "x_lo": 0.20892194554668225,
  "y_lo": -0.024278643374345793,
  "ypp_lo": 0.3411572005628515,
  "te_thickness": 0.000496,
  "te_camber": 0.0,
  "te_angle": -0.05559954458118577,
  "te_wedge": -0.1571957140810613
}