{
  "rLE": 0.008684239926983202,
  "x_up": 0.3079617610228949,
  "y_up": 0.055634956752066575,
  "ypp_up": -0.4667941865079908,
  "x_lo": 0.18703743438321688,
  "y_lo": -0.021147796178283895,
  "ypp_lo": 0.37827589361335245,
  "te_thickness": 0.000694,
  "te_camber": 0.0,
  "te_angle": -0.05379080965373497,
  "te_wedge": -0.1325364746445853
}