{
  "rLE": 0.008678007464396086,
  "x_up": 0.29361218198580036,
  "y_up": 0.05193737089750202,
  "ypp_up": -0.4393128478754078,
  "x_lo": 0.1525908540739934,
  "y_lo": -0.015746040971408037,
  "ypp_lo": 0.4536305197658739,
  "te_thickness": 0.000992,
  "te_camber": 0.0,
  "te_angle": -0.05164396186621546,
  "te_wedge": -0.10057477497439529
}