{
  "rLE": 0.0892783663407351,
  "x_up": 0.4328460007773242,
  "y_up": 0.06614389406807937,
  "ypp_up": -0.37091098038062836,
  "x_lo": 0.2936217829745196,
  "y_lo": -0.026114246988891587,
  "ypp_lo": 0.24660514465451822,
  "te_thickness": 0.0,
  "te_camber": 0.0,
  "te_angle": -0.1049013159471525,
  "te_wedge": -0.2490665299745655
}