{
  "rLE": 0.10188897620089776,
  "x_up": 0.4328460106550287,
  "y_up": 0.051576983673112795,
  "ypp_up": -0.28922467170617766,
  "x_lo": 0.29362159598024773,
  "y_lo": -0.02036307644772056,
  "ypp_lo": 0.19229463872047775,
  "te_thickness": 0.0,
  "te_camber": 0.0,
  "te_angle": -0.08241500503120813,
  "te_wedge": -0.195447692945468
}