{
  "rLE": 0.04391819483300359,
  "x_up": 0.42430891133068716,
  "y_up": 0.10117665787028932,
  "ypp_up": -0.8178475264036394,
  "x_lo": 0.33733854921776196,
  "y_lo": -0.026321622239849417,
  "ypp_lo": 0.15761717148109206,
  "te_thickness": 0.0,
  "te_camber": 0.0,
  "te_angle": -0.14101275137367147,
  "te_wedge": -0.17386013638177916
}