{
  "rLE": 0.01,
  "x_up": 3.9990234375000036,
  "y_up": -1.998535632970769,
  "ypp_up": 0.24993897974127427,
  "x_lo": 0.5905000699205529,
  "y_lo": 0.04858818982255946,
  "ypp_lo": -0.3767495167274207,
  "te_thickness": 16.0035,
  "te_camber": 7.99825,
  "te_angle": 0.376264926286312,
  "te_wedge": 0.8182664742222728
}