{
  "rLE": 0.01,
  "x_up": 3.9990234375000036,
  "y_up": -1.998535632970769,
  "ypp_up": 0.24993897974127427,
  "x_lo": 0.556851338528331,
  "y_lo": 0.06882334972117486,
  "ypp_lo": -0.5638570091710507,
  "te_thickness": 16.0035,
  "te_camber": 7.99825,
  "te_angle": 0.37272701909025363,
  "te_wedge": 0.8253422886143895
}