{
  "rLE": 0.04705002899027082,
  "x_up": 0.4060644296265747,
  "y_up": 0.09807683454832354,
  "ypp_up": -0.731416976527472,
  "x_lo": 0.38743298157684275,
  "y_lo": -0.03699151040119208,
  "ypp_lo": 0.1993540226434879,
  "te_thickness": 0.0,
  "te_camber": 0.0,
  "te_angle": -0.10076964428947298,
  "te_wedge": -0.2075552460888517
}