{
  "rLE": 0.01,
  "x_up": 12.249966000560985,
  "y_up": -6.12494900103022,
  "ypp_up": 0.08163242649333013,
  "x_lo": 0.18180762973476483,
  "y_lo": -0.025128867575829213,
  "ypp_lo": 0.582485614519384,
  "te_thickness": 49.0,
  "te_camber": 24.5,
  "te_angle": 0.3460962188094982,
  "te_wedge": 0.8786038891758999
}