{
  "rLE": 0.04045046420595014,
  "x_up": 0.4167618819809507,
  "y_up": 0.10022214949013139,
  "ypp_up": -0.7668249915772297,
  "x_lo": 0.4281786346969265,
  "y_lo": -0.04288687187378366,
  "ypp_lo": 0.2146589910414065,
  "te_thickness": 0.0,
  "te_camber": 0.0,
  "te_angle": -0.11104093957772859,
  "te_wedge": -0.20221094994761835
}