{
  "rLE": 0.047218926017241356,
  "x_up": 0.4060070950741277,
  "y_up": 0.1029179667104768,
  "ypp_up": -0.7738399952129026,
  "x_lo": 0.4008639146244525,
  "y_lo": -0.0293562222410033,
  "ypp_lo": 0.13277287207904248,
  "te_thickness": 0.0,
  "te_camber": 0.0,
  "te_angle": -0.118503854653615,
  "te_wedge": -0.20193548065814607
}