{
  "rLE": 0.01,
  "x_up": 12.249966000560985,
  "y_up": -6.12494900103022,
  "ypp_up": 0.08163242649333013,
  "x_lo": -0.15913838633355853,
  "y_lo": -0.007671509464991335,
  "ypp_lo": 0.011565783246510768,
  "te_thickness": 49.0,
  "te_camber": 24.5,
  "te_angle": 0.26148049375924626,
  "te_wedge": 1.047835339276404
}