{
  "rLE": 0.01,
  "x_up": 12.249966000560985,
  "y_up": -6.12494900103022,
  "ypp_up": 0.08163242649333013,
  "x_lo": 0.005064921554784399,
  "y_lo": -0.008661011587376368,
  "ypp_lo": 0.017757762301211767,
  "te_thickness": 49.0,
  "te_camber": 24.5,
  "te_angle": 0.28842029852409157,
  "te_wedge": 0.9939557297467132
}