{
  "rLE": 0.04364753541174869,
  "x_up": 0.34626983615755247,
  "y_up": 0.10194693249276791,
  "ypp_up": -1.1719336751392673,
  "x_lo": 0.36125464344176306,
  "y_lo": -0.03374586872967035,
  "ypp_lo": 0.23117883426325,
  "te_thickness": 0.0017499999999999998,
  "te_camber": 0.000585,
  "te_angle": 0.05059855677157756,
  "te_wedge": -0.09166140543269226
}