{
  "rLE": 0.049133760346527416,
  "x_up": 0.4173741259151511,
  "y_up": 0.10503221272548738,
  "ypp_up": -0.8846932632287992,
  "x_lo": 0.35652556053827833,
  "y_lo": -0.023961435584210735,
  "ypp_lo": 0.10233691346067209,
  "te_thickness": 0.0,
  "te_camber": 0.0,
  "te_angle": -0.03503560992185355,
  "te_wedge": -0.2031214380170039
}