{
  "rLE": 0.04163181081500164,
  "x_up": 0.3271354630448928,
  "y_up": 0.1129463955946972,
  "ypp_up": -1.285388993872444,
  "x_lo": 0.21246034228972663,
  "y_lo": -0.02823630092971998,
  "ypp_lo": 0.294333695783682,
  "te_thickness": 0.0,
  "te_camber": 0.0,
  "te_angle": -0.05898735327860409,
  "te_wedge": -0.17135890216063662
}