{
  "rLE": 0.04453345732425448,
  "x_up": 0.4050705262281626,
  "y_up": 0.09388567219350086,
  "ypp_up": -0.7771628417911793,
  "x_lo": 0.42331152981939163,
  "y_lo": -0.03706381142812483,
  "ypp_lo": 0.2298130272448202,
  "te_thickness": 0.0,
  "te_camber": 0.0,
  "te_angle": 0.07908211168470845,
  "te_wedge": -0.17445710628926978
}