{
  "rLE": 0.04333796147485457,
  "x_up": 0.42203218777208384,
  "y_up": 0.11479728111298404,
  "ypp_up": -0.9603992711182593,
  "x_lo": 0.2983953258155447,
  "y_lo": -0.03165679711797594,
  "ypp_lo": 0.1889260373725547,
  "te_thickness": 0.0,
  "te_camber": 0.0,
  "te_angle": -0.108711746734126,
  "te_wedge": -0.18561393673650098
}