{
  "rLE": 0.08291485249026449,
  "x_up": 0.20797895348205842,
  "y_up": 0.11824796290972811,
  "ypp_up": -2.703243047255444,
  "x_lo": 0.2098880609328953,
  "y_lo": -0.0994017874510605,
  "ypp_lo": 2.653940330394511,
  "te_thickness": 0.0,
  "te_camber": 0.0,
  "te_angle": -0.03706101504990521,
  "te_wedge": -0.22142049863893284
}