{
  "rLE": 0.04685352349092531,
  "x_up": 0.4164473137577396,
  "y_up": 0.10806866553242606,
  "ypp_up": -0.8298145393526961,
  "x_lo": 0.3972616948218491,
  "y_lo": -0.04236660989112818,
  "ypp_lo": 0.28588568820201726,
  "te_thickness": 0.0,
  "te_camber": 0.0,
  "te_angle": -0.15045423607364675,
  "te_wedge": -0.18792267063128182
}