{
  "rLE": 0.04889039476626319,
  "x_up": 0.45033129671394995,
  "y_up": 0.11158539095251865,
  "ypp_up": -0.7140451295390493,
  "x_lo": 0.4255749353113976,
  "y_lo": -0.03874832329041794,
  "ypp_lo": 0.16234974162477994,
  "te_thickness": 0.0,
  "te_camber": 0.0,
  "te_angle": -0.11946533031678319,
  "te_wedge": -0.24782762989837048
}