{
  "rLE": 0.04706045173537731,
  "x_up": 0.4134065187828425,
  "y_up": 0.11837290519778985,
  "ypp_up": -0.9643417481185605,
  "x_lo": 0.4170950094743218,
  "y_lo": -0.041397685275936985,
  "ypp_lo": 0.24939470090778093,
  "te_thickness": 0.0,
  "te_camber": 0.0,
  "te_angle": -0.13084303000106107,
  "te_wedge": -0.15898009219419235
}