{
  "rLE": 0.04619961451679845,
  "x_up": 0.3795930836699912,
  "y_up": 0.11657375440043609,
  "ypp_up": -1.000724917002545,
  "x_lo": 0.42660964703655463,
  "y_lo": -0.03404972717306815,
  "ypp_lo": 0.17776210217773936,
  "te_thickness": 0.0,
  "te_camber": 0.0,
  "te_angle": -0.09799290557773732,
  "te_wedge": -0.13465687808868548
}