{
  "rLE": 0.03948514720483671,
  "x_up": 0.43494374357927085,
  "y_up": 0.06056953183586415,
  "ypp_up": -0.3976466831864016,
  "x_lo": 0.43494374357927085,
  "y_lo": -0.06056953183586415,
  "ypp_lo": 0.3976466831864016,
  "te_thickness": 0.0,
  "te_camber": 0.0,
  "te_angle": 0.0,
  "te_wedge": -0.1984194948895428
}