{
  "rLE": 0.012072632008460427,
  "x_up": 0.41866172681512237,
  "y_up": 0.09889592136214324,
  "ypp_up": -0.7205471514495191,
  "x_lo": 0.49298735537507815,
  "y_lo": -0.03737286782900407,
  "ypp_lo": 0.16305764056700509,
  "te_thickness": 0.0,
  "te_camber": -0.0001,
  "te_angle": -0.0262976117501362,
  "te_wedge": -0.3232489979891501
}