{
  "rLE": 0.042621797984302476,
  "x_up": 0.450444182604111,
  "y_up": 0.10422845548330313,
  "ypp_up": -0.7631419210314929,
  "x_lo": 0.3678776554471614,
  "y_lo": -0.026287811705920937,
  "ypp_lo": 0.1854608985092115,
  "te_thickness": 0.0,
  "te_camber": 0.0,
  "te_angle": -0.17218838421101745,
  "te_wedge": -0.17616418210430207
}