{
  "rLE": 0.04514992148801775,
  "x_up": 0.3670066075094708,
  "y_up": 0.11049881970145106,
  "ypp_up": -1.09627661394299,
  "x_lo": 0.2563739758056589,
  "y_lo": -0.03554759119308176,
  "ypp_lo": 0.29524310683481164,
  "te_thickness": 0.00195,
  "te_camber": -0.000645,
  "te_angle": -0.14214176545927645,
  "te_wedge": -0.22225297707833674
}