{
  "rLE": 0.02918279375102897,
  "x_up": 0.3971680326553327,
  "y_up": 0.11568279080063781,
  "ypp_up": -0.8498224231519018,
  "x_lo": 0.398678918705813,
  "y_lo": -0.04121701901355418,
  "ypp_lo": 0.12950515943313887,
  "te_thickness": 0.0,
  "te_camber": -0.00221,
  "te_angle": -0.09084618379858542,
  "te_wedge": -0.29093479096394564
}