{
  "rLE": 0.05139950281670451,
  "x_up": 0.3565736410647764,
  "y_up": 0.12578501650278007,
  "ypp_up": -1.3470450156528608,
  "x_lo": 0.2599869840785839,
  "y_lo": -0.050594052618563395,
  "ypp_lo": 0.5047294440404396,
  "te_thickness": 0.0,
  "te_camber": 1e-05,
  "te_angle": -0.14657423192401833,
  "te_wedge": -0.1960254120469617
}