{
  "rLE": 0.061435195930428566,
  "x_up": 0.3549872057998015,
  "y_up": 0.13628772505420012,
  "ypp_up": -1.2607751861833423,
  "x_lo": 0.3055381624277486,
  "y_lo": -0.07651315256648107,
  "ypp_lo": 0.6047940274239828,
  "te_thickness": 0.0,
  "te_camber": -0.00087,
  "te_angle": -0.14842638185192256,
  "te_wedge": -0.3882113878593077
}