{
  "rLE": 0.06853737991238092,
  "x_up": 0.3528581604826245,
  "y_up": 0.1315811281612105,
  "ypp_up": -1.3707554051586959,
  "x_lo": 0.30312710456762126,
  "y_lo": -0.12635899680146037,
  "ypp_lo": 1.5076265022632909,
  "te_thickness": 0.007730000000000001,
  "te_camber": -0.003575,
  "te_angle": -0.1808130614135237,
  "te_wedge": -0.14337592044138758
}