{
  "rLE": 0.10009000442527366,
  "x_up": 0.3126471920473955,
  "y_up": 0.15353059152443893,
  "ypp_up": -1.1865010926506434,
  "x_lo": 0.2993848617874598,
  "y_lo": -0.14622870041405187,
  "ypp_lo": 1.5388101246337695,
  "te_thickness": 0.01409,
  "te_camber": -0.006645000000000001,
  "te_angle": -0.1636172061050148,
  "te_wedge": -0.3307908304585164
}