{
  "rLE": 0.02235127841976363,
  "x_up": 0.4177336575643901,
  "y_up": 0.10109740428070435,
  "ypp_up": -0.7252270734578461,
  "x_lo": 0.4653861700841424,
  "y_lo": -0.029570189166241354,
  "ypp_lo": 0.08653462974331212,
  "te_thickness": 0.00072,
  "te_camber": 0.00028000000000000003,
  "te_angle": 0.01739676929952188,
  "te_wedge": -0.28279141859786283
}