{
  "rLE": 0.026660894664761008,
  "x_up": 0.4117038396022102,
  "y_up": 0.10156636736847315,
  "ypp_up": -0.7564185896738864,
  "x_lo": 0.46491533138045665,
  "y_lo": -0.02957071501536815,
  "ypp_lo": 0.0857690004451154,
  "te_thickness": 0.00069,
  "te_camber": 0.00025499999999999996,
  "te_angle": 0.02137546770824794,
  "te_wedge": -0.2759496035466125
}