{
  "rLE": 0.1849715436902939,
  "x_up": 0.4515933885360702,
  "y_up": 0.2736363175512444,
  "ypp_up": -1.2549163719020218,
  "x_lo": 0.45572844014646946,
  "y_lo": -0.20597969356725893,
  "ypp_lo": 0.5967015593265542,
  "te_thickness": 0.23392000000000002,
  "te_camber": -0.007060000000000004,
  "te_angle": -0.07056926192823904,
  "te_wedge": -1.7863150937891308
}