{
  "rLE": 0.026843059898178222,
  "x_up": 0.4056350791216252,
  "y_up": 0.11577672244823589,
  "ypp_up": -0.8166196291607699,
  "x_lo": 0.3986953677604233,
  "y_lo": -0.04098579917312005,
  "ypp_lo": 0.13520802928344555,
  "te_thickness": 0.0,
  "te_camber": -0.00197,
  "te_angle": -0.08498115065994362,
  "te_wedge": -0.2794002199265006
}