{
  "rLE": 0.027627627780022316,
  "x_up": 0.4195365573241687,
  "y_up": 0.10138089729949132,
  "ypp_up": -0.7028476054963817,
  "x_lo": 0.44719933081484586,
  "y_lo": -0.031043395449654954,
  "ypp_lo": 0.07645107087209949,
  "te_thickness": 0.0008500000000000001,
  "te_camber": 0.000285,
  "te_angle": 0.018444877905856027,
  "te_wedge": -0.29596091779658207
}