{
  "rLE": 0.026849063982096907,
  "x_up": 0.40701649803513346,
  "y_up": 0.11499480122821636,
  "ypp_up": -0.8092389898998247,
  "x_lo": 0.3961098768157219,
  "y_lo": -0.04117186498580157,
  "ypp_lo": 0.2014224984097376,
  "te_thickness": 0.0,
  "te_camber": 0.00037,
  "te_angle": -0.09028790817857926,
  "te_wedge": -0.26269874620888944
}