{
  "rLE": 0.0966254827597626,
  "x_up": 0.3473977327985811,
  "y_up": 0.14440146014698343,
  "ypp_up": -1.395049223396219,
  "x_lo": 0.29202576472043823,
  "y_lo": -0.15727526905394082,
  "ypp_lo": 1.7192749463957957,
  "te_thickness": 0.01584,
  "te_camber": -0.0024600000000000004,
  "te_angle": -0.15437007834938982,
  "te_wedge": -0.325196950955579
}