{
  "rLE": 0.021070240511782627,
  "x_up": 0.40602871015934977,
  "y_up": 0.1274054561876949,
  "ypp_up": -1.1243894927010865,
  "x_lo": 0.16285882017072018,
  "y_lo": -0.02424422706346837,
  "ypp_lo": 0.47063057523192037,
  "te_thickness": 0.00196,
  "te_camber": -0.00259,
  "te_angle": -0.14910060608412645,
  "te_wedge": -0.21916661935757187
}