{
  "rLE": 0.024153816499209734,
  "x_up": 0.4046985175057473,
  "y_up": 0.13451907272931293,
  "ypp_up": -1.1820646352751643,
  "x_lo": 0.19912026485878684,
  "y_lo": -0.029842945620742016,
  "ypp_lo": 0.35462220612066125,
  "te_thickness": 0.00216,
  "te_camber": -0.0025900000000000003,
  "te_angle": -0.14365917789052132,
  "te_wedge": -0.25133407217903886
}