{
  "rLE": 0.01,
  "x_up": 10.249941962536822,
  "y_up": -5.124912944462462,
  "ypp_up": 0.09756042320395425,
  "x_lo": 0.38390675132824426,
  "y_lo": -0.038714818289079404,
  "ypp_lo": 0.23223387494427766,
  "te_thickness": 41.003,
  "te_camber": 20.4985,
  "te_angle": 0.43912049579191875,
  "te_wedge": 0.692555335211059
}