{
  "rLE": 0.01,
  "x_up": 12.499967999999996,
  "y_up": -6.2499520001638444,
  "ypp_up": 0.07999979520052429,
  "x_lo": 0.3883123317309931,
  "y_lo": -0.038510005403417015,
  "ypp_lo": 0.2220411118293485,
  "te_thickness": 50.004,
  "te_camber": 24.998,
  "te_angle": 0.42905784792182794,
  "te_wedge": 0.7126806309512407
}