{
  "rLE": 0.01,
  "x_up": 12.499967999999996,
  "y_up": -6.2499520001638444,
  "ypp_up": 0.07999979520052429,
  "x_lo": 0.3290800360348005,
  "y_lo": -0.033455337256562835,
  "ypp_lo": 0.24092126989110424,
  "te_thickness": 50.0,
  "te_camber": 25.0,
  "te_angle": 0.42189025057567664,
  "te_wedge": 0.7270158256435433
}