{
  "rLE": 0.01,
  "x_up": 9.499927103076255,
  "y_up": -4.749890655733093,
  "ypp_up": 0.10526235017878798,
  "x_lo": 0.34594654530668406,
  "y_lo": -0.037559766266305944,
  "ypp_lo": 0.17222042663219114,
  "te_thickness": 38.00221,
  "te_camber": 18.998895,
  "te_angle": 0.42696529059438604,
  "te_wedge": 0.7168657456061247
}