{
  "rLE": 0.01,
  "x_up": 9.499927103076255,
  "y_up": -4.749890655733093,
  "ypp_up": 0.10526235017878798,
  "x_lo": 0.361571792955986,
  "y_lo": -0.049585762187841026,
  "ypp_lo": 0.27955709448929283,
  "te_thickness": 38.00224,
  "te_camber": 18.99888,
  "te_angle": 0.4379445920001669,
  "te_wedge": 0.694907142794563
}