{
  "rLE": 0.3562223182061307,
  "x_up": 0.4537151619215538,
  "y_up": 0.08946367524210153,
  "ypp_up": -0.6536966189992138,
  "x_lo": 0.39384614499002796,
  "y_lo": -0.03936583164779964,
  "ypp_lo": 0.4286875759459576,
  "te_thickness": 0.0,
  "te_camber": -9.3e-05,
  "te_angle": -0.04960666105897243,
  "te_wedge": -0.2448636794987486
}