{
  "rLE": 0.03425838510865102,
  "x_up": 0.35763793381815234,
  "y_up": 0.08786403585679124,
  "ypp_up": -0.7747183790511261,
  "x_lo": 0.11387506168468435,
  "y_lo": -0.00960163133368871,
  "ypp_lo": 0.506196903714532,
  "te_thickness": 0.0,
  "te_camber": 0.0,
  "te_angle": -0.0791474015719968,
  "te_wedge": -0.17756273399815944
}