{
  "rLE": 0.01,
  "x_up": 6.499772416932178,
  "y_up": -3.249658641334345,
  "ypp_up": 0.15384076745325947,
  "x_lo": 0.11448875219213267,
  "y_lo": -0.013970099625761404,
  "ypp_lo": 0.06364127676760477,
  "te_thickness": 26.0075,
  "te_camber": 12.99625,
  "te_angle": 0.39105897553633234,
  "te_wedge": 0.7886783757222317
}