{
  "rLE": 0.01,
  "x_up": 6.499772416932178,
  "y_up": -3.249658641334345,
  "ypp_up": 0.15384076745325947,
  "x_lo": 0.6112628259497352,
  "y_lo": 0.022580039261335595,
  "ypp_lo": -0.16896744357453233,
  "te_thickness": 26.0055,
  "te_camber": 12.99725,
  "te_angle": 0.35580987634255806,
  "te_wedge": 0.8591765741097802
}