{
  "rLE": 0.01,
  "x_up": 6.499772416932178,
  "y_up": -3.249658641334345,
  "ypp_up": 0.15384076745325947,
  "x_lo": 0.37066743458549933,
  "y_lo": -0.030692162782289874,
  "ypp_lo": 0.2082565336997586,
  "te_thickness": 26.009,
  "te_camber": 12.9955,
  "te_angle": 0.4113037679570978,
  "te_wedge": 0.7481887908807008
}