{
  "rLE": 0.01,
  "x_up": 6.499772416932178,
  "y_up": -3.249658641334345,
  "ypp_up": 0.15384076745325947,
  "x_lo": 0.35482244694930665,
  "y_lo": -0.06411783331573673,
  "ypp_lo": 0.555123082018403,
  "te_thickness": 26.0125,
  "te_camber": 12.99375,
  "te_angle": 0.4376730290437556,
  "te_wedge": 0.6954502687073851
}