{
  "rLE": 0.057393923875614455,
  "x_up": 0.3693783504927302,
  "y_up": 0.09046915021541131,
  "ypp_up": -0.6707135017739052,
  "x_lo": 0.37888284145196005,
  "y_lo": -0.07024595939276342,
  "ypp_lo": 0.6816815224178843,
  "te_thickness": 0.00268,
  "te_camber": 0.0,
  "te_angle": -0.07662806017115785,
  "te_wedge": -0.25328655427903535
}