{
  "rLE": 0.0573813063000084,
  "x_up": 0.3692659130688584,
  "y_up": 0.08533396761418797,
  "ypp_up": -0.6619981912620335,
  "x_lo": 0.37048457345023583,
  "y_lo": -0.06538072698484039,
  "ypp_lo": 0.6612794018800446,
  "te_thickness": 0.0025,
  "te_camber": 0.0,
  "te_angle": -0.07757952328332911,
  "te_wedge": -0.1738063802381065
}