{
  "rLE": 0.05962065036633305,
  "x_up": 0.3842748979777015,
  "y_up": 0.10175455931878256,
  "ypp_up": -0.7385964052059083,
  "x_lo": 0.3920276082476159,
  "y_lo": -0.07902740396288077,
  "ypp_lo": 0.7405613817074663,
  "te_thickness": 0.00299,
  "te_camber": 5.000000000000013e-06,
  "te_angle": -0.07744941465087202,
  "te_wedge": -0.39654766949175124
}