{
  "rLE": 0.07742674152639092,
  "x_up": 0.2901709572543026,
  "y_up": 0.10195094099161814,
  "ypp_up": -1.1349625240254504,
  "x_lo": 0.32410886816429224,
  "y_lo": -0.04517362910031622,
  "ypp_lo": 0.2765251505260208,
  "te_thickness": 0.0,
  "te_camber": 0.0,
  "te_angle": -0.04143709122674822,
  "te_wedge": -0.2893020983599841
}