{
  "rLE": 0.049764099007331586,
  "x_up": 0.28290666271763865,
  "y_up": 0.13389183695636606,
  "ypp_up": -1.919313692242552,
  "x_lo": 0.3097137530047596,
  "y_lo": -0.02653074603303445,
  "ypp_lo": 0.13150266807731947,
  "te_thickness": 0.0,
  "te_camber": 0.0,
  "te_angle": -0.06249333480459879,
  "te_wedge": -0.24888521050563395
}