{
  "rLE": 0.04327097842745605,
  "x_up": 0.3737962800475845,
  "y_up": 0.09410597891393248,
  "ypp_up": -0.7776128851319487,
  "x_lo": 0.3338066378238277,
  "y_lo": -0.05110904855766711,
  "ypp_lo": 0.3769536318066565,
  "te_thickness": 0.0032110000000000003,
  "te_camber": -2.8499999999999988e-05,
  "te_angle": -0.041894941976706186,
  "te_wedge": -0.31516077229604444
}