{
  "rLE": 0.01,
  "x_up": 4.749416824610002,
  "y_up": -2.6240333148415123,
  "ypp_up": 0.2326584162593892,
  "x_lo": 0.3951287667070966,
  "y_lo": -0.09053640094619424,
  "ypp_lo": 0.5435160723926333,
  "te_thickness": 21.0,
  "te_camber": 10.5,
  "te_angle": 0.4935806681659425,
  "te_wedge": 0.6835517819068975
}