{
  "rLE": 0.01,
  "x_up": 4.749416824610002,
  "y_up": -2.6240333148415123,
  "ypp_up": 0.2326584162593892,
  "x_lo": 0.39731368347693086,
  "y_lo": -0.02392360704780104,
  "ypp_lo": 0.11337175223637433,
  "te_thickness": 21.0,
  "te_camber": 10.5,
  "te_angle": 0.43584400143955143,
  "te_wedge": 0.7990251153596796
}