{
  "rLE": 0.01,
  "x_up": 11.999963831018515,
  "y_up": -5.999945746745811,
  "ypp_up": 0.08333308216060786,
  "x_lo": 0.23461189755101072,
  "y_lo": -0.048582720522318025,
  "ypp_lo": 0.6329742615628676,
  "te_thickness": 48.00205,
  "te_camber": 23.998975,
  "te_angle": 0.42552693778468587,
  "te_wedge": 0.7197424512255246
}