{
  "rLE": 0.01,
  "x_up": 15.249982377379602,
  "y_up": -7.624973566110135,
  "ypp_up": 0.06557369471604393,
  "x_lo": 0.314462909280916,
  "y_lo": -0.06817886835881111,
  "ypp_lo": 1.0814633564964449,
  "te_thickness": 61.0,
  "te_camber": 30.5,
  "te_angle": 0.4474990536870501,
  "te_wedge": 0.6757982194207963
}