{
  "rLE": 0.01,
  "x_up": 4.750916771936864,
  "y_up": -2.373000294669961,
  "ypp_up": 0.21053370877034167,
  "x_lo": 0.4524204786420827,
  "y_lo": -0.023427349700653122,
  "ypp_lo": 0.1746489602582494,
  "te_thickness": 19.0,
  "te_camber": 9.5,
  "te_angle": 0.41102039504417454,
  "te_wedge": 0.7485976295036754
}