{
  "rLE": 0.01,
  "x_up": 15.249982377379602,
  "y_up": -7.624973566110135,
  "ypp_up": 0.06557369471604393,
  "x_lo": 0.42269571885741997,
  "y_lo": -0.027606768179073204,
  "ypp_lo": 0.34876381706528886,
  "te_thickness": 61.0,
  "te_camber": 30.5,
  "te_angle": 0.4213185747941171,
  "te_wedge": 0.7281591772066623
}