{
  "rLE": 0.01,
  "x_up": 3.9990234375000036,
  "y_up": -1.998535632970769,
  "ypp_up": 0.24993897974127427,
  "x_lo": 0.4405030838725352,
  "y_lo": -0.05998124532666252,
  "ypp_lo": 0.3925102849941751,
  "te_thickness": 16.0,
  "te_camber": 8.0,
  "te_angle": 0.41973941708774176,
  "te_wedge": 0.7313174926194133
}