{
  "rLE": 0.01,
  "x_up": 4.249185833502953,
  "y_up": -2.123779062132132,
  "ypp_up": 0.23524905131857754,
  "x_lo": 0.46645467963361964,
  "y_lo": -0.028963192196711684,
  "ypp_lo": 0.21294488484947094,
  "te_thickness": 17.0,
  "te_camber": 8.5,
  "te_angle": 0.4064653594849433,
  "te_wedge": 0.75786560782501
}