{
  "rLE": 0.01,
  "x_up": 5.749671241883784,
  "y_up": -2.87450690041723,
  "ypp_up": 0.17390310051204722,
  "x_lo": 0.44803170241695406,
  "y_lo": -0.038168069159017465,
  "ypp_lo": 0.2744984448705579,
  "te_thickness": 23.0008,
  "te_camber": 11.4996,
  "te_angle": 0.4304309463156678,
  "te_wedge": 0.7099344341635612
}