{
  "rLE": 0.01,
  "x_up": 5.754069810524602,
  "y_up": -2.871208143112225,
  "ypp_up": 0.17396963735050405,
  "x_lo": 0.3628267508589983,
  "y_lo": -0.05061141671883412,
  "ypp_lo": 0.5136415214821184,
  "te_thickness": 23.0004,
  "te_camber": 11.4998,
  "te_angle": 0.4353506854433402,
  "te_wedge": 0.6997122740085224
}