{
  "rLE": 0.01,
  "x_up": 5.749671241883784,
  "y_up": -2.87450690041723,
  "ypp_up": 0.17390310051204722,
  "x_lo": 0.43898745403581657,
  "y_lo": -0.03575956415206384,
  "ypp_lo": 0.2657732958273217,
  "te_thickness": 23.0005,
  "te_camber": 11.49975,
  "te_angle": 0.425701607115409,
  "te_wedge": 0.7193931125640788
}