{
  "rLE": 0.01,
  "x_up": 5.758514942081342,
  "y_up": -2.867875320747385,
  "ypp_up": 0.17403693028939782,
  "x_lo": 0.32424755489089296,
  "y_lo": -0.06813912760674784,
  "ypp_lo": 1.0177871310646704,
  "te_thickness": 23.0003,
  "te_camber": 11.49985,
  "te_angle": 0.44609907420445655,
  "te_wedge": 0.6778283169773204
}