{
  "rLE": 0.01,
  "x_up": 12.499967999999997,
  "y_up": -6.374951040167118,
  "ypp_up": 0.08159979110453476,
  "x_lo": 0.31650259756626686,
  "y_lo": -0.04649044105417122,
  "ypp_lo": 0.3846902868990914,
  "te_thickness": 50.99905,
  "te_camber": 25.500475,
  "te_angle": 0.3769656430262514,
  "te_wedge": 0.836666373918371
}