{
  "rLE": 0.011921550427820459,
  "x_up": 0.48631524220124134,
  "y_up": 0.05656048182152776,
  "ypp_up": -0.32216289618734173,
  "x_lo": 0.3864936699431706,
  "y_lo": -0.04516934798923444,
  "ypp_lo": 0.4958861327933517,
  "te_thickness": 0.002364,
  "te_camber": 0.000818,
  "te_angle": -0.053834821936074403,
  "te_wedge": -0.2299660977552254
}