{
  "rLE": 0.01,
  "x_up": 7.749865731261113,
  "y_up": -3.874798601544011,
  "ypp_up": 0.1290300226195592,
  "x_lo": 0.3931724800880449,
  "y_lo": -0.04540458278460357,
  "ypp_lo": 0.4550849484152893,
  "te_thickness": 31.0004,
  "te_camber": 15.4998,
  "te_angle": 0.4352626354373944,
  "te_wedge": 0.7002710559201077
}