{
  "rLE": 0.15988718312564593,
  "x_up": 0.4276931079533449,
  "y_up": 0.1166031436103405,
  "ypp_up": -0.529330511528005,
  "x_lo": 0.4218154442140377,
  "y_lo": -0.004311052842077397,
  "ypp_lo": 0.21372416961867374,
  "te_thickness": 0.0,
  "te_camber": 0.035,
  "te_angle": -0.043492060608763025,
  "te_wedge": -0.19798113170895962
}