{
  "rLE": 0.05461648949903533,
  "x_up": 0.35770618860085845,
  "y_up": 0.07215124107674388,
  "ypp_up": -0.4763550080919558,
  "x_lo": 0.10299080206101498,
  "y_lo": -0.011961900217156117,
  "ypp_lo": 1.2029784976296343,
  "te_thickness": 0.00259,
  "te_camber": -5.000000000000013e-06,
  "te_angle": -0.12982205525642124,
  "te_wedge": -0.11381698812077347
}