{
  "rLE": 0.11585972897158738,
  "x_up": 0.36912335049296974,
  "y_up": 0.08265856830567923,
  "ypp_up": -0.6316053854868564,
  "x_lo": 0.11219900127683996,
  "y_lo": 0.0023997018418443657,
  "ypp_lo": 0.37777906383271925,
  "te_thickness": 0.0026,
  "te_camber": 0.0013,
  "te_angle": -0.09132084148125394,
  "te_wedge": -0.10022561986317023
}