{
  "rLE": 0.01,
  "x_up": 4.249185833502953,
  "y_up": -2.123779062132132,
  "ypp_up": 0.23524905131857754,
  "x_lo": 0.38606116460501316,
  "y_lo": -0.03293927954376864,
  "ypp_lo": 0.22905705696422926,
  "te_thickness": 17.0,
  "te_camber": 8.5,
  "te_angle": 0.41870073389481294,
  "te_wedge": 0.7333948590052707
}