{
  "rLE": 0.01,
  "x_up": 4.49931412894376,
  "y_up": -2.1240285467667714,
  "ypp_up": 0.20984455958549234,
  "x_lo": 0.3637585169525436,
  "y_lo": -0.028096891269384496,
  "ypp_lo": 0.19893032531128474,
  "te_thickness": 17.0,
  "te_camber": 8.5,
  "te_angle": 0.4009426177223629,
  "te_wedge": 0.7117837756726509
}