{
  "rLE": 0.01,
  "x_up": 11.249956104252403,
  "y_up": -5.624934156721147,
  "ypp_up": 0.08888854205964385,
  "x_lo": 0.3337570382174955,
  "y_lo": -0.049500305879305824,
  "ypp_lo": 0.3749602308922102,
  "te_thickness": 45.0,
  "te_camber": 22.5,
  "te_angle": 0.43979778899003225,
  "te_wedge": 0.6912007488148325
}