{
  "rLE": 0.015699600239538942,
  "x_up": 0.38373840685709476,
  "y_up": 0.060005841015235074,
  "ypp_up": -0.40850120875931184,
  "x_lo": 0.4516664709846844,
  "y_lo": -0.029151219970909668,
  "ypp_lo": 0.17550147329155072,
  "te_thickness": 0.0,
  "te_camber": 0.0,
  "te_angle": -0.024216798232881642,
  "te_wedge": -0.16135838160373692
}