{
  "rLE": 0.03890247963082752,
  "x_up": 0.409399013870374,
  "y_up": 0.07788989169086714,
  "ypp_up": -0.4884709999752789,
  "x_lo": 0.03478776200232,
  "y_lo": -0.008562145186080986,
  "ypp_lo": 2.471403771100344,
  "te_thickness": 0.006617,
  "te_camber": 0.00018649999999999982,
  "te_angle": -0.18499992812403054,
  "te_wedge": -0.16039743354182434
}