{
  "rLE": 0.01,
  "x_up": 8.24988869410357,
  "y_up": -4.12483304415871,
  "ypp_up": 0.12121048588584386,
  "x_lo": 0.29072804070420316,
  "y_lo": -0.0273782443030543,
  "ypp_lo": 0.11178864573873269,
  "te_thickness": 33.0016245,
  "te_camber": 16.49918775,
  "te_angle": 0.42140966962040205,
  "te_wedge": 0.7279769875540927
}