{
  "rLE": 0.01,
  "x_up": 8.24988869410357,
  "y_up": -4.12483304415871,
  "ypp_up": 0.12121048588584386,
  "x_lo": 0.3444224349528316,
  "y_lo": -0.03514196575252103,
  "ypp_lo": 0.18481832518685437,
  "te_thickness": 33.001273,
  "te_camber": 16.4993635,
  "te_angle": 0.4344655876778971,
  "te_wedge": 0.7018651514391026
}