{
  "rLE": 0.01,
  "x_up": 8.24988869410357,
  "y_up": -4.12483304415871,
  "ypp_up": 0.12121048588584386,
  "x_lo": 0.376812078122694,
  "y_lo": -0.05579983667397651,
  "ypp_lo": 0.3612171020170039,
  "te_thickness": 33.000548,
  "te_camber": 16.499726,
  "te_angle": 0.4628337969020909,
  "te_wedge": 0.6451287329907149
}