{
  "rLE": 0.01,
  "x_up": 8.24988869410357,
  "y_up": -4.12483304415871,
  "ypp_up": 0.12121048588584386,
  "x_lo": 0.3746540175973466,
  "y_lo": -0.053564793013109104,
  "ypp_lo": 0.343542319696921,
  "te_thickness": 33.000617,
  "te_camber": 16.4996915,
  "te_angle": 0.4601011990031487,
  "te_wedge": 0.6505939287885993
}