{
  "rLE": 0.01,
  "x_up": 8.24988869410357,
  "y_up": -4.12483304415871,
  "ypp_up": 0.12121048588584386,
  "x_lo": 0.35966052057256476,
  "y_lo": -0.03913444349896393,
  "ypp_lo": 0.22283088813374158,
  "te_thickness": 33.001094,
  "te_camber": 16.499453,
  "te_angle": 0.4410772705437057,
  "te_wedge": 0.6886417857074854
}