{
  "rLE": 0.01,
  "x_up": 8.24988869410357,
  "y_up": -4.12483304415871,
  "ypp_up": 0.12121048588584386,
  "x_lo": 0.36868105965144965,
  "y_lo": -0.04265481399828931,
  "ypp_lo": 0.25434930074861656,
  "te_thickness": 33.000927,
  "te_camber": 16.4995365,
  "te_angle": 0.4466061912853926,
  "te_wedge": 0.6775839442241116
}