{
  "rLE": 0.01,
  "x_up": 7.749865731261113,
  "y_up": -3.874798601544011,
  "ypp_up": 0.1290300226195592,
  "x_lo": 0.38775211793575504,
  "y_lo": -0.065155126646816,
  "ypp_lo": 0.484309412778097,
  "te_thickness": 31.0012891,
  "te_camber": 15.49935545,
  "te_angle": 0.4609711332969764,
  "te_wedge": 0.6488540602009437
}