{
  "rLE": 0.01,
  "x_up": 7.749865731261113,
  "y_up": -3.874798601544011,
  "ypp_up": 0.1290300226195592,
  "x_lo": 0.3593837126151812,
  "y_lo": -0.04871828214094075,
  "ypp_lo": 0.3138527636783863,
  "te_thickness": 31.0011019,
  "te_camber": 15.49944905,
  "te_angle": 0.442299114855423,
  "te_wedge": 0.6861980970840506
}