{
  "rLE": 0.01,
  "x_up": 7.749865731261113,
  "y_up": -3.874798601544011,
  "ypp_up": 0.1290300226195592,
  "x_lo": 0.3426406744853138,
  "y_lo": -0.04399847001021052,
  "ypp_lo": 0.2561841773466942,
  "te_thickness": 31.0010949,
  "te_camber": 15.49945255,
  "te_angle": 0.43683077473366094,
  "te_wedge": 0.6971347773275747
}