{
  "rLE": 0.01,
  "x_up": 7.749865731261113,
  "y_up": -3.874798601544011,
  "ypp_up": 0.1290300226195592,
  "x_lo": 0.34902127383080606,
  "y_lo": -0.04333023160523173,
  "ypp_lo": 0.26028318388718996,
  "te_thickness": 31.001108,
  "te_camber": 15.499446,
  "te_angle": 0.4365717466245438,
  "te_wedge": 0.697652833545809
}