{
  "rLE": 0.01,
  "x_up": 7.749865731261113,
  "y_up": -3.874798601544011,
  "ypp_up": 0.1290300226195592,
  "x_lo": 0.38558491510124404,
  "y_lo": -0.040029832717513286,
  "ypp_lo": 0.30720970030470296,
  "te_thickness": 31.0010067,
  "te_camber": 15.49949665,
  "te_angle": 0.43441177571661505,
  "te_wedge": 0.7019727753616665
}