{
  "rLE": 0.10833090854682234,
  "x_up": 0.45092130523698887,
  "y_up": 0.1070740885426363,
  "ypp_up": -0.7358266985688386,
  "x_lo": 0.44449558398237177,
  "y_lo": -0.0904569702207278,
  "ypp_lo": 0.6178837356323621,
  "te_thickness": 0.00100592,
  "te_camber": -0.00050296,
  "te_angle": -0.010321775892758962,
  "te_wedge": -0.17604668704566645
}