{
  "rLE": 0.01,
  "x_up": 7.249835991635572,
  "y_up": -3.6247539948735366,
  "ypp_up": 0.13792791429908507,
  "x_lo": 0.4196271729628979,
  "y_lo": -0.04798629875690959,
  "ypp_lo": 0.39654684009365854,
  "te_thickness": 29.0024992,
  "te_camber": 14.4987504,
  "te_angle": 0.43840393001146766,
  "te_wedge": 0.6939884667719615
}