{
  "rLE": 0.06508892721639174,
  "x_up": 0.42661145523808397,
  "y_up": 0.16244106150354448,
  "ypp_up": -1.1959951420547525,
  "x_lo": 0.047803525142363225,
  "y_lo": -0.009385725386319401,
  "ypp_lo": 2.378172962672483,
  "te_thickness": 0.00011,
  "te_camber": -4.9999999999999996e-06,
  "te_angle": -0.3465375154552137,
  "te_wedge": -0.17065083371831646
}