{
  "rLE": 0.01,
  "x_up": 12.749969845685284,
  "y_up": -5.999957429337019,
  "ypp_up": 0.07381758781721263,
  "x_lo": 0.04523318529299323,
  "y_lo": -0.01362277432837549,
  "ypp_lo": 4.413952377099118,
  "te_thickness": 48.0,
  "te_camber": 24.0,
  "te_angle": 0.44653668905061195,
  "te_wedge": 0.6171354288561228
}