{
  "rLE": 0.01,
  "x_up": 4.249185833502953,
  "y_up": -2.123779062132132,
  "ypp_up": 0.23524905131857754,
  "x_lo": 0.3433586336449012,
  "y_lo": -0.02656262317418771,
  "ypp_lo": 0.1776635762787687,
  "te_thickness": 17.0,
  "te_camber": 8.5,
  "te_angle": 0.4128398151823198,
  "te_wedge": 0.7451166964302569
}