{
  "rLE": 0.042052889231952474,
  "x_up": 0.37035773471628053,
  "y_up": 0.09289848996096664,
  "ypp_up": -0.5586308246653922,
  "x_lo": 0.1867745512003253,
  "y_lo": -0.028548660132492343,
  "ypp_lo": 0.5382588068668706,
  "te_thickness": 0.0,
  "te_camber": 0.0,
  "te_angle": -0.09221960913424926,
  "te_wedge": -0.2594788644571004
}