{
  "rLE": 0.01,
  "x_up": 15.249982377379602,
  "y_up": -7.624973566110135,
  "ypp_up": 0.06557369471604393,
  "x_lo": 0.17125747814658565,
  "y_lo": -0.030261166270455886,
  "ypp_lo": 0.5553246908567744,
  "te_thickness": 61.0005993,
  "te_camber": 30.49970035,
  "te_angle": 0.41105307024458276,
  "te_wedge": 0.748690186305731
}