{
  "rLE": 0.01,
  "x_up": 4.01947603260785,
  "y_up": -1.9832042854224097,
  "ypp_up": 0.25057944837686125,
  "x_lo": 0.47477866982077527,
  "y_lo": -0.004957481130863974,
  "ypp_lo": 0.23428336795373655,
  "te_thickness": 15.98,
  "te_camber": 8.01,
  "te_angle": 0.4074915735797438,
  "te_wedge": 0.7532473936278873
}