{
  "rLE": 0.01,
  "x_up": 4.249185833502953,
  "y_up": -2.123779062132132,
  "ypp_up": 0.23524905131857754,
  "x_lo": 0.21966914155995376,
  "y_lo": -0.01993049803922406,
  "ypp_lo": 0.09694450558799407,
  "te_thickness": 17.0,
  "te_camber": 8.5,
  "te_angle": 0.40649557920342133,
  "te_wedge": 0.7578051683880539
}