{
  "rLE": 0.01,
  "x_up": 4.249185833502953,
  "y_up": -2.123779062132132,
  "ypp_up": 0.23524905131857754,
  "x_lo": 0.37879483622440524,
  "y_lo": -0.05614186561211502,
  "ypp_lo": 0.39019321837514026,
  "te_thickness": 17.0009,
  "te_camber": 8.49955,
  "te_angle": 0.43583050586589234,
  "te_wedge": 0.6991353150631119
}