{
  "rLE": 0.01,
  "x_up": 4.249185833502953,
  "y_up": -2.123779062132132,
  "ypp_up": 0.23524905131857754,
  "x_lo": 0.3625206399981716,
  "y_lo": -0.040871081450427955,
  "ypp_lo": 0.2724763559823273,
  "te_thickness": 17.0008,
  "te_camber": 8.4996,
  "te_angle": 0.4234527746376868,
  "te_wedge": 0.7238907775195229
}