{
  "rLE": 0.01,
  "x_up": 4.249185833502953,
  "y_up": -2.123779062132132,
  "ypp_up": 0.23524905131857754,
  "x_lo": 0.3046938338554063,
  "y_lo": -0.026410508847821878,
  "ypp_lo": 0.13569104130403972,
  "te_thickness": 17.0,
  "te_camber": 8.5,
  "te_angle": 0.41268842526036914,
  "te_wedge": 0.7454194762741583
}