{
  "rLE": 0.01,
  "x_up": 3.498542274052477,
  "y_up": -1.7478146248388742,
  "ypp_up": 0.28559533721898417,
  "x_lo": 0.28567490448955263,
  "y_lo": -0.02635112543912933,
  "ypp_lo": 0.15186210403590505,
  "te_thickness": 14.0006,
  "te_camber": 6.9997,
  "te_angle": 0.41239004548494546,
  "te_wedge": 0.7460162358250061
}