{
  "rLE": 0.01,
  "x_up": 4.249185833502953,
  "y_up": -2.123779062132132,
  "ypp_up": 0.23524905131857754,
  "x_lo": 0.44256698150339774,
  "y_lo": -0.03881933946475234,
  "ypp_lo": 0.19230201923833015,
  "te_thickness": 17.0,
  "te_camber": 8.5,
  "te_angle": 0.4191356701507402,
  "te_wedge": 0.7325249864934161
}