{
  "rLE": 0.01,
  "x_up": 4.249185833502953,
  "y_up": -2.123779062132132,
  "ypp_up": 0.23524905131857754,
  "x_lo": 0.22571902852933673,
  "y_lo": -0.02188493271985498,
  "ypp_lo": 0.08401231818372906,
  "te_thickness": 17.0,
  "te_camber": 8.5,
  "te_angle": 0.40447486848349407,
  "te_wedge": 0.7618465898279084
}