{
  "rLE": 0.16279057888495446,
  "x_up": 0.40605679131378164,
  "y_up": 0.07156273935237531,
  "ypp_up": -0.39933354734006576,
  "x_lo": -0.07154271162642956,
  "y_lo": 0.006960477292861396,
  "ypp_lo": 0.045559863082222575,
  "te_thickness": 0.0,
  "te_camber": 0.007,
  "te_angle": -0.06137985399763417,
  "te_wedge": -0.08500508964782602
}