{
  "rLE": 0.17556390943950734,
  "x_up": 0.4214314476300103,
  "y_up": 0.07880711789351862,
  "ypp_up": -0.4578407418534593,
  "x_lo": 2.5517016943149735,
  "y_lo": 0.0011768787915424914,
  "ypp_lo": 0.0017611275208534714,
  "te_thickness": 0.0,
  "te_camber": 0.007,
  "te_angle": -0.06137721245529325,
  "te_wedge": -0.11192353172496
}