{
  "rLE": 0.16702173385953556,
  "x_up": 0.4212913002902431,
  "y_up": 0.07013379010305065,
  "ypp_up": -0.3945222815870763,
  "x_lo": 0.8644692149635498,
  "y_lo": 0.0157835163938007,
  "ypp_lo": -0.027740837882107384,
  "te_thickness": 0.0,
  "te_camber": 0.01,
  "te_angle": -0.05733761400112565,
  "te_wedge": -0.08209174320682308
}