{
  "rLE": 0.01,
  "x_up": 4.254683329926616,
  "y_up": -2.1196557756898486,
  "ypp_up": 0.23540127129296007,
  "x_lo": 0.586043442470327,
  "y_lo": 0.042075170068352694,
  "ypp_lo": -0.2768118261594781,
  "te_thickness": 17.0,
  "te_camber": 8.5,
  "te_angle": 0.373066254082264,
  "te_wedge": 0.8240165504191266
}