{
  "rLE": 0.05349627104941501,
  "x_up": 0.38940562857804195,
  "y_up": 0.07475332618805303,
  "ypp_up": -0.4951454550993043,
  "x_lo": 0.10475884509910485,
  "y_lo": -0.010054983500726264,
  "ypp_lo": 0.942474267850077,
  "te_thickness": 1e-05,
  "te_camber": -1.5000000000000002e-05,
  "te_angle": -0.14509571192021134,
  "te_wedge": -0.14916187600769099
}