{
  "rLE": 0.01,
  "x_up": 15.249982377379602,
  "y_up": -7.624973566110135,
  "ypp_up": 0.06557369471604393,
  "x_lo": 0.11413168270813387,
  "y_lo": -0.03254729802430009,
  "ypp_lo": 2.225136226105362,
  "te_thickness": 61.0000173,
  "te_camber": 30.49999135,
  "te_angle": 0.42049202965588645,
  "te_wedge": 0.7298122674831237
}