{
  "rLE": 0.16412290587927103,
  "x_up": 0.3793755995903358,
  "y_up": 0.11441879309206726,
  "ypp_up": -0.6551864040333999,
  "x_lo": 0.5511224924637139,
  "y_lo": 0.0029850928116780025,
  "ypp_lo": 0.05021840114251995,
  "te_thickness": 0.001,
  "te_camber": 0.0005,
  "te_angle": -0.09798574254756012,
  "te_wedge": -0.1850322851270823
}