{
  "rLE": 0.01,
  "x_up": 10.49994601015009,
  "y_up": -4.9999228721717675,
  "ypp_up": 0.09070248146358016,
  "x_lo": 0.11182909521585178,
  "y_lo": -0.013995384287443232,
  "ypp_lo": 0.8217589165432239,
  "te_thickness": 40.0,
  "te_camber": 20.0,
  "te_angle": 0.35198041656926504,
  "te_wedge": 0.8180646753109297
}