{
  "rLE": 0.01,
  "x_up": 10.249941962536822,
  "y_up": -4.999915067768255,
  "ypp_up": 0.09518090068678464,
  "x_lo": 0.09357657126103473,
  "y_lo": -0.01323255771880696,
  "ypp_lo": 1.078413486583965,
  "te_thickness": 40.0,
  "te_camber": 20.0,
  "te_angle": 0.35076701592380105,
  "te_wedge": 0.8445721912588454
}