{
  "rLE": 0.01,
  "x_up": 10.49994601015009,
  "y_up": -5.124920943976061,
  "ypp_up": 0.09297004350016969,
  "x_lo": 0.08249836495431526,
  "y_lo": -0.0138403440884746,
  "ypp_lo": 1.5288880684207151,
  "te_thickness": 41.0,
  "te_camber": 20.5,
  "te_angle": 0.343282305293045,
  "te_wedge": 0.8601364965004347
}