{
  "rLE": 0.01,
  "x_up": 9.999937500000005,
  "y_up": -5.124903907050776,
  "ypp_up": 0.10249935937900394,
  "x_lo": 0.15279909201611627,
  "y_lo": -0.01630996891447279,
  "ypp_lo": 0.7024149927316091,
  "te_thickness": 41.001,
  "te_camber": 20.4995,
  "te_angle": 0.3806245626186898,
  "te_wedge": 0.8342373052459662
}