{
  "rLE": 0.01,
  "x_up": 4.249185833502953,
  "y_up": -2.123779062132132,
  "ypp_up": 0.23524905131857754,
  "x_lo": 0.2984872900132291,
  "y_lo": -0.020556478885649192,
  "ypp_lo": 0.10439787973965295,
  "te_thickness": 17.0,
  "te_camber": 8.5,
  "te_angle": 0.40839333023987595,
  "te_wedge": 0.7540096663151447
}