{
  "rLE": 0.04484709663894815,
  "x_up": 0.43009063445148643,
  "y_up": 0.08725842872471148,
  "ypp_up": -0.5885510467725515,
  "x_lo": 0.01820276565793233,
  "y_lo": -0.005489627734416273,
  "ypp_lo": 1.9361209643699646,
  "te_thickness": 0.011779999999999999,
  "te_camber": -1.0000000000000026e-05,
  "te_angle": -0.17670790380534995,
  "te_wedge": -0.10687072807407702
}