{
  "rLE": 0.01,
  "x_up": 15.499983216407644,
  "y_up": -3.7499878183779702,
  "ypp_up": 0.0312174479871622,
  "x_lo": 0.31644126789291316,
  "y_lo": -0.05467031243336487,
  "ypp_lo": 0.385169453833013,
  "te_thickness": 30.0,
  "te_camber": 15.0,
  "te_angle": 0.2742843415645255,
  "te_wedge": 0.35275396903221645
}