{
  "rLE": 0.16604655515474917,
  "x_up": 0.4007417953663863,
  "y_up": 0.1350071580847171,
  "ypp_up": -0.814991903740707,
  "x_lo": -1.268706291839772,
  "y_lo": 0.0011683380784936223,
  "ypp_lo": 0.0005426382301237034,
  "te_thickness": 0.0,
  "te_camber": 0.0057,
  "te_angle": -0.10727725053528403,
  "te_wedge": -0.21337056096609974
}