{
  "rLE": 0.16040433646803381,
  "x_up": 0.39261654661468876,
  "y_up": 0.1354253256521525,
  "ypp_up": -0.7724966652313164,
  "x_lo": 0.5078330470478409,
  "y_lo": -0.0009536024455973182,
  "ypp_lo": 0.1425537016004204,
  "te_thickness": 0.0021000000000000003,
  "te_camber": 0.00595,
  "te_angle": -0.11007446208448317,
  "te_wedge": -0.20770837500341535
}