{
  "rLE": 0.01,
  "x_up": 5.749671241883784,
  "y_up": -2.87450690041723,
  "ypp_up": 0.17390310051204722,
  "x_lo": 0.49999999999999994,
  "y_lo": -0.09084156818213678,
  "ypp_lo": 0.45840153649885723,
  "te_thickness": 23.0,
  "te_camber": 11.5,
  "te_angle": 0.5427741904429664,
  "te_wedge": 0.48524794590896403
}