{
  "rLE": 0.01,
  "x_up": 9.999937499999998,
  "y_up": -4.999906250781249,
  "ypp_up": 0.09999937500390628,
  "x_lo": 0.3475128029499155,
  "y_lo": -0.035913296923517475,
  "ypp_lo": 0.2103357702324406,
  "te_thickness": 40.0,
  "te_camber": 20.0,
  "te_angle": 0.42981754185678495,
  "te_wedge": 0.7111612430813267
}