{
  "rLE": 0.01,
  "x_up": 9.999937499999998,
  "y_up": -4.999906250781249,
  "ypp_up": 0.09999937500390628,
  "x_lo": 0.3077433052949475,
  "y_lo": -0.03335845837936605,
  "ypp_lo": 0.31891888439436383,
  "te_thickness": 40.0,
  "te_camber": 20.0,
  "te_angle": 0.4190269570153812,
  "te_wedge": 0.7327424127641342
}