{
  "rLE": 0.01,
  "x_up": 9.999937499999998,
  "y_up": -4.999906250781249,
  "ypp_up": 0.09999937500390628,
  "x_lo": 0.25749039304930527,
  "y_lo": -0.06324988597126693,
  "ypp_lo": 0.7791446857401385,
  "te_thickness": 40.0,
  "te_camber": 20.0,
  "te_angle": 0.4367131034227121,
  "te_wedge": 0.6973701199494724
}