{
  "rLE": 0.09999708644963498,
  "x_up": 0.3603169067183144,
  "y_up": 0.07650432887051468,
  "ypp_up": -0.5115743284101741,
  "x_lo": 0.2829006438913072,
  "y_lo": -0.03611516623306837,
  "ypp_lo": 0.46070897738296324,
  "te_thickness": 7e-05,
  "te_camber": -3.5e-05,
  "te_angle": -0.0581302010424246,
  "te_wedge": -0.2238246809434807
}