{
  "rLE": 0.01,
  "x_up": 7.999877929687505,
  "y_up": -3.874822620185965,
  "ypp_up": 0.1210919022842059,
  "x_lo": 0.28267614107106376,
  "y_lo": -0.03609654372986705,
  "ypp_lo": 0.46061178893954974,
  "te_thickness": 31.0,
  "te_camber": 15.5,
  "te_angle": 0.4116889557829554,
  "te_wedge": 0.7156750492454058
}