{
  "rLE": 0.01,
  "x_up": 17.749988824037253,
  "y_up": -8.624983708293351,
  "ypp_up": 0.05475100698705795,
  "x_lo": 0.35162526112816433,
  "y_lo": -0.058925301827815024,
  "ypp_lo": 0.5953860816846618,
  "te_thickness": 69.0025497,
  "te_camber": 34.49872515,
  "te_angle": 0.33953558719461063,
  "te_wedge": 0.8631556672308824
}