{
  "rLE": 0.2045579407695426,
  "x_up": 0.41447791502136494,
  "y_up": 0.07511723265708423,
  "ypp_up": -0.4119614166652015,
  "x_lo": 0.42842844385917817,
  "y_lo": 0.0022158720714366732,
  "ypp_lo": 0.06465082767075905,
  "te_thickness": 0.006,
  "te_camber": 0.007,
  "te_angle": -0.057887123103959694,
  "te_wedge": -0.10240376379204356
}