{
  "rLE": 0.054078902340186405,
  "x_up": 0.3689767626725358,
  "y_up": 0.09773826490392426,
  "ypp_up": -0.6532974379044884,
  "x_lo": 0.2737440852687655,
  "y_lo": -0.03991273087814358,
  "ypp_lo": 0.42142126172329275,
  "te_thickness": 0.0,
  "te_camber": 0.0,
  "te_angle": -0.13740142277988057,
  "te_wedge": -0.21583427681736356
}