{
  "rLE": 0.03578510445096838,
  "x_up": 0.36538546533444666,
  "y_up": 0.07626362885036389,
  "ypp_up": -0.5816950612468419,
  "x_lo": 0.0658809216951355,
  "y_lo": -0.01392606354399295,
  "ypp_lo": 2.0530958054385593,
  "te_thickness": 0.009818,
  "te_camber": 0.0,
  "te_angle": -0.10157033884623232,
  "te_wedge": -0.06552296873946789
}