{
  "rLE": 0.0145997523904207,
  "x_up": 0.36652714094768624,
  "y_up": 0.03470173352310495,
  "ypp_up": -0.2710561452285801,
  "x_lo": 0.11170269894378723,
  "y_lo": -0.007381942316291983,
  "ypp_lo": 0.05444263462199375,
  "te_thickness": 0.009042,
  "te_camber": 0.0,
  "te_angle": -0.050581960436525956,
  "te_wedge": -0.03419096616259017
}