{
  "rLE": 0.03287347602719569,
  "x_up": 0.33435567069660593,
  "y_up": 0.09211627388358654,
  "ypp_up": -0.7576919248594411,
  "x_lo": 0.13018580110035158,
  "y_lo": -0.03618663067521957,
  "ypp_lo": 1.3987686853817858,
  "te_thickness": 0.008994,
  "te_camber": 0.0,
  "te_angle": -0.11809830947421987,
  "te_wedge": -0.10406437068030772
}