{
  "rLE": 0.05982762864381423,
  "x_up": 0.31181702127885824,
  "y_up": 0.12565190680800045,
  "ypp_up": -1.1082361118249606,
  "x_lo": 0.18601032015861002,
  "y_lo": -0.08292225824358722,
  "ypp_lo": 1.3699176354025673,
  "te_thickness": 0.009,
  "te_camber": 0.0,
  "te_angle": -0.09025442943150959,
  "te_wedge": -0.24275313842384397
}