{
  "rLE": 0.06580884866220355,
  "x_up": 0.4398629949217311,
  "y_up": 0.1212820418799672,
  "ypp_up": -0.8676432572560264,
  "x_lo": 0.39677546606576103,
  "y_lo": -0.031116763052998143,
  "ypp_lo": 0.17746992035133075,
  "te_thickness": 0.0,
  "te_camber": 0.0,
  "te_angle": -0.1494975242326467,
  "te_wedge": -0.3013783910665459
}