{
  "rLE": 0.10425414870284522,
  "x_up": 0.3661949421679315,
  "y_up": 0.17868854867377135,
  "ypp_up": -0.80287788730604,
  "x_lo": 0.2897803654479316,
  "y_lo": -0.12229879160089432,
  "ypp_lo": 0.4440617000839799,
  "te_thickness": 0.04049,
  "te_camber": -0.0005549999999999999,
  "te_angle": -0.10240255619469693,
  "te_wedge": -0.8202993401008172
}