{
  "rLE": 0.008957508317000464,
  "x_up": 0.414474473956661,
  "y_up": 0.04920729777839463,
  "ypp_up": -0.2701169776617583,
  "x_lo": 0.06663123376150733,
  "y_lo": -0.007518453753568709,
  "ypp_lo": 1.9711359347132942,
  "te_thickness": 0.0031600000000000005,
  "te_camber": -0.0025,
  "te_angle": -0.10442239993805576,
  "te_wedge": -0.09233392273350946
}