{
  "rLE": 0.011795385507769032,
  "x_up": 0.41323021474996513,
  "y_up": 0.07111478382832062,
  "ypp_up": -0.3878250673293668,
  "x_lo": 0.07110533580661875,
  "y_lo": -0.012008076168723597,
  "ypp_lo": 3.0424576647847266,
  "te_thickness": 0.00474,
  "te_camber": -0.00352,
  "te_angle": -0.14597398825101554,
  "te_wedge": -0.1375175295811784
}