{
  "rLE": 0.04993301752502288,
  "x_up": 0.3824837708775319,
  "y_up": 0.1401751853798926,
  "ypp_up": -0.669514972253409,
  "x_lo": 0.2139226109636684,
  "y_lo": -0.06451074523532677,
  "ypp_lo": 0.6987838203398323,
  "te_thickness": 0.02699,
  "te_camber": -0.0007749999999999996,
  "te_angle": -0.1563002164582019,
  "te_wedge": -0.5575820852207064
}