{
  "rLE": 0.015470888511608612,
  "x_up": 0.40977092752981925,
  "y_up": 0.08698545446762142,
  "ypp_up": -0.46403254528818466,
  "x_lo": 0.07677919253706318,
  "y_lo": -0.01644577212554337,
  "ypp_lo": 2.821068955164246,
  "te_thickness": 0.0064800000000000005,
  "te_camber": -0.0041,
  "te_angle": -0.16708593146805276,
  "te_wedge": -0.1807591734943092
}