{
  "rLE": 0.022186280503127848,
  "x_up": 0.3993363098702121,
  "y_up": 0.10690373858251788,
  "ypp_up": -0.5466827218660503,
  "x_lo": 0.1138799561694061,
  "y_lo": -0.02440203366133605,
  "ypp_lo": 0.9463118500991827,
  "te_thickness": 0.0179,
  "te_camber": -0.0017499999999999998,
  "te_angle": -0.2017305539394924,
  "te_wedge": -0.31485246260744315
}