{
  "rLE": 0.0118680357154324,
  "x_up": 0.29473286817782285,
  "y_up": 0.05133008052653792,
  "ypp_up": -0.45416645388427834,
  "x_lo": 0.22499461315337263,
  "y_lo": -0.02325485271246586,
  "ypp_lo": 0.3389299829798784,
  "te_thickness": 0.0,
  "te_camber": -0.0,
  "te_angle": -0.031174532747169418,
  "te_wedge": -0.13529961780872596
}