{
  "rLE": 0.009389773678904013,
  "x_up": 0.27276897897774655,
  "y_up": 0.04985826323620988,
  "ypp_up": -0.47387408162194405,
  "x_lo": 0.22003156880730873,
  "y_lo": -0.021452362580660914,
  "ypp_lo": 0.37062411934348727,
  "te_thickness": 0.0,
  "te_camber": 0.0,
  "te_angle": -0.028893689902718307,
  "te_wedge": -0.12397806866027594
}