{
  "rLE": 0.008175508687550532,
  "x_up": 0.31412671787333885,
  "y_up": 0.05205988945224546,
  "ypp_up": -0.3796036971877217,
  "x_lo": 0.23779366904556454,
  "y_lo": -0.024463837857827558,
  "ypp_lo": 0.3355629072290663,
  "te_thickness": 0.0,
  "te_camber": 0.0,
  "te_angle": -0.03892667992619288,
  "te_wedge": -0.15766022756957557
}