{
  "rLE": 0.009564564695474297,
  "x_up": 0.2579891798287121,
  "y_up": 0.04897836772711082,
  "ypp_up": -0.5588517269845222,
  "x_lo": 0.19889940825689956,
  "y_lo": -0.020453780820041133,
  "ypp_lo": 0.39165693128990564,
  "te_thickness": 0.0,
  "te_camber": 0.0,
  "te_angle": -0.02189297453943341,
  "te_wedge": -0.10994817383352848
}