{
  "rLE": 0.053812130391983196,
  "x_up": 0.41883437627010656,
  "y_up": 0.06305380594887376,
  "ypp_up": -0.3633412972499538,
  "x_lo": 0.31065318583473767,
  "y_lo": -0.01781933764747945,
  "ypp_lo": 0.20577924784318757,
  "te_thickness": 0.0047,
  "te_camber": -0.00435,
  "te_angle": -0.1265370132273014,
  "te_wedge": -0.11785187756084231
}