{
  "rLE": 0.15120324436202745,
  "x_up": 0.3220962770911639,
  "y_up": 0.14539816627704436,
  "ypp_up": -2.0692350617408173,
  "x_lo": 0.12181965877262067,
  "y_lo": -0.04205844757187346,
  "ypp_lo": 1.6334209145668344,
  "te_thickness": 0.0,
  "te_camber": 0.0,
  "te_angle": -0.062039070269739524,
  "te_wedge": -0.17609973875719678
}