{
  "rLE": 0.1023067494008541,
  "x_up": 0.3582081126308285,
  "y_up": 0.1363408054448988,
  "ypp_up": -1.4853999963124294,
  "x_lo": 0.15009736738960536,
  "y_lo": -0.033452882818606006,
  "ypp_lo": 1.2869253024032317,
  "te_thickness": 0.0,
  "te_camber": 0.0,
  "te_angle": -0.08736265303943723,
  "te_wedge": -0.22638048390415597
}