{
  "rLE": 0.07358543062663743,
  "x_up": 0.3954153737060433,
  "y_up": 0.1252434114086735,
  "ypp_up": -0.9009956240189207,
  "x_lo": 0.3587282526348779,
  "y_lo": -0.02737599492975971,
  "ypp_lo": 0.21189238921677642,
  "te_thickness": 0.0,
  "te_camber": 0.0,
  "te_angle": -0.14014589949635117,
  "te_wedge": -0.23020759042512934
}