{
  "rLE": 0.039242525109110096,
  "x_up": 0.39868517122258035,
  "y_up": 0.09226289480416017,
  "ypp_up": -0.6426602603067615,
  "x_lo": 0.37239062409628165,
  "y_lo": -0.05737573276071614,
  "ypp_lo": 0.6551893026848111,
  "te_thickness": 0.0,
  "te_camber": 0.0,
  "te_angle": -0.1055224160236379,
  "te_wedge": -0.24900814895526463
}