{
  "rLE": 0.08772654349334622,
  "x_up": 0.3501163130035421,
  "y_up": 0.07397272291740563,
  "ypp_up": -0.6361394202174139,
  "x_lo": 0.28786452051770095,
  "y_lo": -0.026825743584651847,
  "ypp_lo": 0.26994061383581164,
  "te_thickness": 0.02479608108106674,
  "te_camber": 1.5200024296269793e-05,
  "te_angle": -0.04892209377676594,
  "te_wedge": -0.10730198956798975
}