{
  "rLE": 0.08635594803139737,
  "x_up": 0.3564660589203538,
  "y_up": 0.0733424308894495,
  "ypp_up": -0.5977592661393472,
  "x_lo": 0.30349980739446625,
  "y_lo": -0.02556417751440343,
  "ypp_lo": 0.21778147097540687,
  "te_thickness": 0.03878493055666554,
  "te_camber": 4.3096591285349956e-05,
  "te_angle": -0.04908318323269664,
  "te_wedge": -0.0778862350417873
}