{
  "rLE": 0.0954335526365769,
  "x_up": 0.39729254423330385,
  "y_up": 0.08467732206249062,
  "ypp_up": -0.5551542884289211,
  "x_lo": 0.40640844673989307,
  "y_lo": -0.041610549635838184,
  "ypp_lo": 0.22350073150592936,
  "te_thickness": 0.06223698227260338,
  "te_camber": 0.0001361052435177798,
  "te_angle": -0.048920497295153964,
  "te_wedge": -0.1197874086057458
}