{
  "rLE": 0.059665859281982196,
  "x_up": 0.3995676978807611,
  "y_up": 0.05874292397781839,
  "ypp_up": -0.4038921675435415,
  "x_lo": 0.3498281306604444,
  "y_lo": -0.04152250896526277,
  "ypp_lo": 0.3033044325202135,
  "te_thickness": -4e-18,
  "te_camber": 2e-18,
  "te_angle": -0.03225883093514152,
  "te_wedge": -0.18552269124055262
}