{
  "rLE": 0.059882100459064995,
  "x_up": 0.4118643037015317,
  "y_up": 0.06601028946276376,
  "ypp_up": -0.4376323474708725,
  "x_lo": 0.35837183952565244,
  "y_lo": -0.04429876024438211,
  "ypp_lo": 0.31948746610063306,
  "te_thickness": 3.9e-17,
  "te_camber": -1.95e-17,
  "te_angle": -0.030731900708250513,
  "te_wedge": -0.21297469612011488
}