{
  "rLE": 0.061243956430272264,
  "x_up": 0.42118992229691243,
  "y_up": 0.07278774843319419,
  "ypp_up": -0.4790076418285333,
  "x_lo": 0.37469849048892434,
  "y_lo": -0.05095697972617953,
  "ypp_lo": 0.36782572361546684,
  "te_thickness": 0.0,
  "te_camber": 0.0,
  "te_angle": -0.031046375422886185,
  "te_wedge": -0.24199351713720718
}