{
  "rLE": 0.1026245015002943,
  "x_up": 0.4129491490068572,
  "y_up": 0.07490743838800475,
  "ypp_up": -0.5781421072825995,
  "x_lo": 0.39554676361039437,
  "y_lo": -0.05648853422325387,
  "ypp_lo": 0.4175500029625628,
  "te_thickness": 0.0,
  "te_camber": 0.0,
  "te_angle": -0.022679392198446807,
  "te_wedge": -0.29678772361258965
}