{
  "rLE": 0.15179378712609695,
  "x_up": 0.44772587138388786,
  "y_up": 0.051228418116399034,
  "ypp_up": -0.43192630898513235,
  "x_lo": 0.4426526207123082,
  "y_lo": -0.03265503524659902,
  "ypp_lo": 0.2755138978668389,
  "te_thickness": 0.0,
  "te_camber": 0.0,
  "te_angle": -0.0226322696103659,
  "te_wedge": -0.20719548209959188
}