{
  "rLE": 0.021870206997549387,
  "x_up": 0.2354852853353026,
  "y_up": 0.09520046832027328,
  "ypp_up": -0.877621594678489,
  "x_lo": 0.22826188688207905,
  "y_lo": -0.025706813403013645,
  "ypp_lo": 0.18487877417214799,
  "te_thickness": 0.0024200000000000003,
  "te_camber": 0.00079,
  "te_angle": -0.042151796880964806,
  "te_wedge": -0.1788512220721801
}