{
  "rLE": 0.011977110979975652,
  "x_up": 0.25753515071993993,
  "y_up": 0.0550174815091872,
  "ypp_up": -0.5448467636567527,
  "x_lo": 0.2573997709467869,
  "y_lo": -0.05499957698589089,
  "ypp_lo": 0.5450078809910536,
  "te_thickness": 0.001593,
  "te_camber": 3.6499999999999966e-05,
  "te_angle": 4.047175481670939e-05,
  "te_wedge": -0.1888663200727582
}