{
  "rLE": 0.018236107879697854,
  "x_up": 0.2800878701742971,
  "y_up": 0.07500052104803083,
  "ypp_up": -0.6702459625217306,
  "x_lo": 0.28008778721642447,
  "y_lo": -0.07500051928874561,
  "ypp_lo": 0.6702466308510834,
  "te_thickness": 0.001666,
  "te_camber": 0.0,
  "te_angle": 4.843229663709092e-07,
  "te_wedge": -0.3078980982236962
}